Workbook

Sheet gelecek
B1: United States | C1: Sweden | D1: China | E1: Poland | F1: Germany | G1: Ireland | H1: Canada | I1: Netherlands | J1: France | K1: United Kingdom | L1: Fildişi Sahili | M1: Ekvador | N1: Estonya | O1: Kenya | P1: Lüksemburg | Q1: Singapur | R1: Slovakya | S1: İsviçre | T1: Tanzanya | U1: Tunus | V1: Türkmenistan | W1: Azerbaycan | X1: Italy | Y1: South Korea | Z1: Croatia | AA1: Türkiye | AB1: Mısır
A2: 46309 | T2: Nyerere Day (Nyerere'yi Anma Günü)
A3: 46310 | U3: Evacuation Day (Tahliye Günü)
A4: 46315 | O4: Mashujaa Day (Kahramanlar Günü)
A5: 46323 | AA5: Republic Day Eve (Cumhuriyet Bayramı Arifesi)
A6: 46324 | AA6: Republic Day (Cumhuriyet Bayramı)
A7: 46327 | L7: All Saints' Day (Azizler Günü) | P7: All Saints' Day (Azizler Günü) | X7: All Saints' Day (Azizler Günü) | Z7: All Saints' Day (Azizler Günü)
A8: 46328 | M8: All Souls' Day (Ölüleri Anma Günü)
A9: 46329 | M9: Independence of Cuenca (Cuenca'nın Bağımsızlığı)
A10: 46334 | Q10: Deepavali / Diwali (Işık Festivali) | W10: Victory Day (Zafer Günü)
A11: 46335 | W11: State Flag Day (Devlet Bayrağı Günü)
A12: 46336 | AA12: Atatürk'ü Anma Günü
A13: 46337 | E13: Narodowe Święto Niepodległości (Bağımsızlık Günü)
A14: 46341 | L14: National Peace Day (Ulusal Barış Günü)
A15: 46343 | R15: Freedom and Democracy Day (Özgürlük ve Demokrasi Günü)
A16: 46344 | Z16: Remembrance Day (Anma Günü)
A17: 46350 | AA17: Öğretmenler Günü
A18: 46352 | B18: Thanksgiving (Şükran Günü)
A19: 46359 | AA19: Dünya Engelliler Günü
A20: 46364 | X20: Immaculate Conception (Meryem'in Günahsızlığı Bayramı)
A21: 46365 | T21: Independence and Republic Day (Bağımsızlık ve Cumhuriyet Günü)
A22: 46368 | O22: Jamhuri Day (Cumhuriyet Günü) | V22: International Day of Neutrality (Uluslararası Tarafsızlık Günü)
A23: 46373 | U23: Revolution and Youth Day (Devrim ve Gençlik Günü)
A24: 46380
A25: 46381
A26: 46382
A27: 0

Sheet Sayfa1
D2: =IF(gelecek!B1<>"",gelecek!B1,"") -> United States | E2: =IF(gelecek!C1<>"",gelecek!C1,"") -> Sweden | F2: =IF(gelecek!D1<>"",gelecek!D1,"") -> China | G2: =IF(gelecek!E1<>"",gelecek!E1,"") -> Poland | H2: =IF(gelecek!F1<>"",gelecek!F1,"") -> Germany | I2: =IF(gelecek!G1<>"",gelecek!G1,"") -> Ireland | J2: =IF(gelecek!H1<>"",gelecek!H1,"") -> Canada | K2: =IF(gelecek!I1<>"",gelecek!I1,"") -> Netherlands | ... AD2: =IF(gelecek!AB1<>"",gelecek!AB1,"") -> Mısır
C3: =gelecek!A2 -> 46309 | D3: =IF(gelecek!B2<>"",gelecek!B2,"") | E3: =IF(gelecek!C2<>"",gelecek!C2,"") | F3: =IF(gelecek!D2<>"",gelecek!D2,"") | G3: =IF(gelecek!E2<>"",gelecek!E2,"") | H3: =IF(gelecek!F2<>"",gelecek!F2,"") | I3: =IF(gelecek!G2<>"",gelecek!G2,"") | J3: =IF(gelecek!H2<>"",gelecek!H2,"") | K3: =IF(gelecek!I2<>"",gelecek!I2,"") | ... AD3: =IF(gelecek!AB2<>"",gelecek!AB2,"")
C4: =gelecek!A3 -> 46310 | D4: =IF(gelecek!B3<>"",gelecek!B3,"") | E4: =IF(gelecek!C3<>"",gelecek!C3,"") | F4: =IF(gelecek!D3<>"",gelecek!D3,"") | G4: =IF(gelecek!E3<>"",gelecek!E3,"") | H4: =IF(gelecek!F3<>"",gelecek!F3,"") | I4: =IF(gelecek!G3<>"",gelecek!G3,"") | J4: =IF(gelecek!H3<>"",gelecek!H3,"") | K4: =IF(gelecek!I3<>"",gelecek!I3,"") | ... AD4: =IF(gelecek!AB3<>"",gelecek!AB3,"")
C5: =gelecek!A4 -> 46315 | D5: =IF(gelecek!B4<>"",gelecek!B4,"") | E5: =IF(gelecek!C4<>"",gelecek!C4,"") | F5: =IF(gelecek!D4<>"",gelecek!D4,"") | G5: =IF(gelecek!E4<>"",gelecek!E4,"") | H5: =IF(gelecek!F4<>"",gelecek!F4,"") | I5: =IF(gelecek!G4<>"",gelecek!G4,"") | J5: =IF(gelecek!H4<>"",gelecek!H4,"") | K5: =IF(gelecek!I4<>"",gelecek!I4,"") | ... AD5: =IF(gelecek!AB4<>"",gelecek!AB4,"")
C6: =gelecek!A5 -> 46323 | D6: =IF(gelecek!B5<>"",gelecek!B5,"") | E6: =IF(gelecek!C5<>"",gelecek!C5,"") | F6: =IF(gelecek!D5<>"",gelecek!D5,"") | G6: =IF(gelecek!E5<>"",gelecek!E5,"") | H6: =IF(gelecek!F5<>"",gelecek!F5,"") | I6: =IF(gelecek!G5<>"",gelecek!G5,"") | J6: =IF(gelecek!H5<>"",gelecek!H5,"") | K6: =IF(gelecek!I5<>"",gelecek!I5,"") | ... AD6: =IF(gelecek!AB5<>"",gelecek!AB5,"")
C7: =gelecek!A6 -> 46324 | D7: =IF(gelecek!B6<>"",gelecek!B6,"") | E7: =IF(gelecek!C6<>"",gelecek!C6,"") | F7: =IF(gelecek!D6<>"",gelecek!D6,"") | G7: =IF(gelecek!E6<>"",gelecek!E6,"") | H7: =IF(gelecek!F6<>"",gelecek!F6,"") | I7: =IF(gelecek!G6<>"",gelecek!G6,"") | J7: =IF(gelecek!H6<>"",gelecek!H6,"") | K7: =IF(gelecek!I6<>"",gelecek!I6,"") | ... AD7: =IF(gelecek!AB6<>"",gelecek!AB6,"")
C8: =gelecek!A7 -> 46327 | D8: =IF(gelecek!B7<>"",gelecek!B7,"") | E8: =IF(gelecek!C7<>"",gelecek!C7,"") | F8: =IF(gelecek!D7<>"",gelecek!D7,"") | G8: =IF(gelecek!E7<>"",gelecek!E7,"") | H8: =IF(gelecek!F7<>"",gelecek!F7,"") | I8: =IF(gelecek!G7<>"",gelecek!G7,"") | J8: =IF(gelecek!H7<>"",gelecek!H7,"") | K8: =IF(gelecek!I7<>"",gelecek!I7,"") | ... AD8: =IF(gelecek!AB7<>"",gelecek!AB7,"")
C9: =gelecek!A8 -> 46328 | D9: =IF(gelecek!B8<>"",gelecek!B8,"") | E9: =IF(gelecek!C8<>"",gelecek!C8,"") | F9: =IF(gelecek!D8<>"",gelecek!D8,"") | G9: =IF(gelecek!E8<>"",gelecek!E8,"") | H9: =IF(gelecek!F8<>"",gelecek!F8,"") | I9: =IF(gelecek!G8<>"",gelecek!G8,"") | J9: =IF(gelecek!H8<>"",gelecek!H8,"") | K9: =IF(gelecek!I8<>"",gelecek!I8,"") | ... AD9: =IF(gelecek!AB8<>"",gelecek!AB8,"")
C10: =gelecek!A9 -> 46329 | D10: =IF(gelecek!B9<>"",gelecek!B9,"") | E10: =IF(gelecek!C9<>"",gelecek!C9,"") | F10: =IF(gelecek!D9<>"",gelecek!D9,"") | G10: =IF(gelecek!E9<>"",gelecek!E9,"") | H10: =IF(gelecek!F9<>"",gelecek!F9,"") | I10: =IF(gelecek!G9<>"",gelecek!G9,"") | J10: =IF(gelecek!H9<>"",gelecek!H9,"") | K10: =IF(gelecek!I9<>"",gelecek!I9,"") | ... AD10: =IF(gelecek!AB9<>"",gelecek!AB9,"")
C11: =gelecek!A10 -> 46334 | D11: =IF(gelecek!B10<>"",gelecek!B10,"") | E11: =IF(gelecek!C10<>"",gelecek!C10,"") | F11: =IF(gelecek!D10<>"",gelecek!D10,"") | G11: =IF(gelecek!E10<>"",gelecek!E10,"") | H11: =IF(gelecek!F10<>"",gelecek!F10,"") | I11: =IF(gelecek!G10<>"",gelecek!G10,"") | J11: =IF(gelecek!H10<>"",gelecek!H10,"") | K11: =IF(gelecek!I10<>"",gelecek!I10,"") | ... AD11: =IF(gelecek!AB10<>"",gelecek!AB10,"")
C12: =gelecek!A11 -> 46335 | D12: =IF(gelecek!B11<>"",gelecek!B11,"") | E12: =IF(gelecek!C11<>"",gelecek!C11,"") | F12: =IF(gelecek!D11<>"",gelecek!D11,"") | G12: =IF(gelecek!E11<>"",gelecek!E11,"") | H12: =IF(gelecek!F11<>"",gelecek!F11,"") | I12: =IF(gelecek!G11<>"",gelecek!G11,"") | J12: =IF(gelecek!H11<>"",gelecek!H11,"") | K12: =IF(gelecek!I11<>"",gelecek!I11,"") | ... AD12: =IF(gelecek!AB11<>"",gelecek!AB11,"")
C13: =gelecek!A12 -> 46336 | D13: =IF(gelecek!B12<>"",gelecek!B12,"") | E13: =IF(gelecek!C12<>"",gelecek!C12,"") | F13: =IF(gelecek!D12<>"",gelecek!D12,"") | G13: =IF(gelecek!E12<>"",gelecek!E12,"") | H13: =IF(gelecek!F12<>"",gelecek!F12,"") | I13: =IF(gelecek!G12<>"",gelecek!G12,"") | J13: =IF(gelecek!H12<>"",gelecek!H12,"") | K13: =IF(gelecek!I12<>"",gelecek!I12,"") | ... AD13: =IF(gelecek!AB12<>"",gelecek!AB12,"")
C14: =gelecek!A13 -> 46337 | D14: =IF(gelecek!B13<>"",gelecek!B13,"") | E14: =IF(gelecek!C13<>"",gelecek!C13,"") | F14: =IF(gelecek!D13<>"",gelecek!D13,"") | G14: =IF(gelecek!E13<>"",gelecek!E13,"") -> Narodowe Święto Niepodległości (Bağımsızlık Günü) | H14: =IF(gelecek!F13<>"",gelecek!F13,"") | I14: =IF(gelecek!G13<>"",gelecek!G13,"") | J14: =IF(gelecek!H13<>"",gelecek!H13,"") | K14: =IF(gelecek!I13<>"",gelecek!I13,"") | ... AD14: =IF(gelecek!AB13<>"",gelecek!AB13,"")
... C27: =gelecek!A26 -> 46382 | D27: =IF(gelecek!B26<>"",gelecek!B26,"") | E27: =IF(gelecek!C26<>"",gelecek!C26,"") | F27: =IF(gelecek!D26<>"",gelecek!D26,"") | G27: =IF(gelecek!E26<>"",gelecek!E26,"") | H27: =IF(gelecek!F26<>"",gelecek!F26,"") | I27: =IF(gelecek!G26<>"",gelecek!G26,"") | J27: =IF(gelecek!H26<>"",gelecek!H26,"") | K27: =IF(gelecek!I26<>"",gelecek!I26,"") | ... AD27: =IF(gelecek!AB26<>"",gelecek!AB26,"")
D28: =D2 -> United States | E28: =E2 -> Sweden | F28: =F2 -> China | G28: =G2 -> Poland | H28: =H2 -> Germany | I28: =I2 -> Ireland | J28: =J2 -> Canada | K28: =K2 -> Netherlands | ... AD28: =AD2 -> Mısır
B29: =D28 -> United States | C29: =IF(C3<>"",C3,"") -> 46309 | D29: =IF(D3<>"",D3,"") | E29: =IF(E3<>"",E3,"") | F29: =IF(F3<>"",F3,"") | G29: =IF(G3<>"",G3,"") | H29: =IF(H3<>"",H3,"") | I29: =IF(I3<>"",I3,"") | J29: =IF(J3<>"",J3,"") | ... AD29: =IF(AD3<>"",AD3,"")
B30: =B29 -> United States | C30: =IF(C4<>"",C4,"") -> 46310 | D30: =IF(D4<>"",D4,"") | E30: =IF(E4<>"",E4,"") | F30: =IF(F4<>"",F4,"") | G30: =IF(G4<>"",G4,"") | H30: =IF(H4<>"",H4,"") | I30: =IF(I4<>"",I4,"") | J30: =IF(J4<>"",J4,"") | ... AD30: =IF(AD4<>"",AD4,"")
B31: =B30 -> United States | C31: =IF(C5<>"",C5,"") -> 46315 | D31: =IF(D5<>"",D5,"") | E31: =IF(E5<>"",E5,"") | F31: =IF(F5<>"",F5,"") | G31: =IF(G5<>"",G5,"") | H31: =IF(H5<>"",H5,"") | I31: =IF(I5<>"",I5,"") | J31: =IF(J5<>"",J5,"") | ... AD31: =IF(AD5<>"",AD5,"")
B32: =B31 -> United States | C32: =IF(C6<>"",C6,"") -> 46323 | D32: =IF(D6<>"",D6,"") | E32: =IF(E6<>"",E6,"") | F32: =IF(F6<>"",F6,"") | G32: =IF(G6<>"",G6,"") | H32: =IF(H6<>"",H6,"") | I32: =IF(I6<>"",I6,"") | J32: =IF(J6<>"",J6,"") | ... AD32: =IF(AD6<>"",AD6,"")
B33: =B32 -> United States | C33: =IF(C7<>"",C7,"") -> 46324 | D33: =IF(D7<>"",D7,"") | E33: =IF(E7<>"",E7,"") | F33: =IF(F7<>"",F7,"") | G33: =IF(G7<>"",G7,"") | H33: =IF(H7<>"",H7,"") | I33: =IF(I7<>"",I7,"") | J33: =IF(J7<>"",J7,"") | ... AD33: =IF(AD7<>"",AD7,"")
B34: =B33 -> United States | C34: =IF(C8<>"",C8,"") -> 46327 | D34: =IF(D8<>"",D8,"") | E34: =IF(E8<>"",E8,"") | F34: =IF(F8<>"",F8,"") | G34: =IF(G8<>"",G8,"") | H34: =IF(H8<>"",H8,"") | I34: =IF(I8<>"",I8,"") | J34: =IF(J8<>"",J8,"") | ... AD34: =IF(AD8<>"",AD8,"")
B35: =B34 -> United States | C35: =IF(C9<>"",C9,"") -> 46328 | D35: =IF(D9<>"",D9,"") | E35: =IF(E9<>"",E9,"") | F35: =IF(F9<>"",F9,"") | G35: =IF(G9<>"",G9,"") | H35: =IF(H9<>"",H9,"") | I35: =IF(I9<>"",I9,"") | J35: =IF(J9<>"",J9,"") | ... AD35: =IF(AD9<>"",AD9,"")
B36: =B35 -> United States | C36: =IF(C10<>"",C10,"") -> 46329 | D36: =IF(D10<>"",D10,"") | E36: =IF(E10<>"",E10,"") | F36: =IF(F10<>"",F10,"") | G36: =IF(G10<>"",G10,"") | H36: =IF(H10<>"",H10,"") | I36: =IF(I10<>"",I10,"") | J36: =IF(J10<>"",J10,"") | ... AD36: =IF(AD10<>"",AD10,"")
B37: =B36 -> United States | C37: =IF(C11<>"",C11,"") -> 46334 | D37: =IF(D11<>"",D11,"") | E37: =IF(E11<>"",E11,"") | F37: =IF(F11<>"",F11,"") | G37: =IF(G11<>"",G11,"") | H37: =IF(H11<>"",H11,"") | I37: =IF(I11<>"",I11,"") | J37: =IF(J11<>"",J11,"") | ... AD37: =IF(AD11<>"",AD11,"")
B38: =B37 -> United States | C38: =IF(C12<>"",C12,"") -> 46335 | D38: =IF(D12<>"",D12,"") | E38: =IF(E12<>"",E12,"") | F38: =IF(F12<>"",F12,"") | G38: =IF(G12<>"",G12,"") | H38: =IF(H12<>"",H12,"") | I38: =IF(I12<>"",I12,"") | J38: =IF(J12<>"",J12,"") | ... AD38: =IF(AD12<>"",AD12,"")
B39: =B38 -> United States | C39: =IF(C13<>"",C13,"") -> 46336 | D39: =IF(D13<>"",D13,"") | E39: =IF(E13<>"",E13,"") | F39: =IF(F13<>"",F13,"") | G39: =IF(G13<>"",G13,"") | H39: =IF(H13<>"",H13,"") | I39: =IF(I13<>"",I13,"") | J39: =IF(J13<>"",J13,"") | ... AD39: =IF(AD13<>"",AD13,"")
B40: =B39 -> United States | C40: =IF(C14<>"",C14,"") -> 46337 | D40: =IF(D14<>"",D14,"") | E40: =IF(E14<>"",E14,"") | F40: =IF(F14<>"",F14,"") | G40: =IF(G14<>"",G14,"") -> Narodowe Święto Niepodległości (Bağımsızlık Günü) | H40: =IF(H14<>"",H14,"") | I40: =IF(I14<>"",I14,"") | J40: =IF(J14<>"",J14,"") | ... AD40: =IF(AD14<>"",AD14,"")
B41: =B40 -> United States | C41: =IF(C15<>"",C15,"") -> 46341 | D41: =IF(D15<>"",D15,"") | E41: =IF(E15<>"",E15,"") | F41: =IF(F15<>"",F15,"") | G41: =IF(G15<>"",G15,"") | H41: =IF(H15<>"",H15,"") | I41: =IF(I15<>"",I15,"") | J41: =IF(J15<>"",J15,"") | ... AD41: =IF(AD15<>"",AD15,"")
... B53: =B52 -> United States | C53: =IF(C27<>"",C27,"") -> 46382 | D53: =IF(D27<>"",D27,"") | E53: =IF(E27<>"",E27,"") | F53: =IF(F27<>"",F27,"") | G53: =IF(G27<>"",G27,"") | H53: =IF(H27<>"",H27,"") | I53: =IF(I27<>"",I27,"") | J53: =IF(J27<>"",J27,"") | ... AD53: =IF(AD27<>"",AD27,"")
D54: =E28 -> Sweden | E54: =F28 -> China | F54: =G28 -> Poland | G54: =H28 -> Germany | H54: =I28 -> Ireland | I54: =J28 -> Canada | J54: =K28 -> Netherlands | K54: =L28 -> France | ... AC54: =AD28 -> Mısır
B55: =D54 -> Sweden | C55: =IF(C29<>"",C29,"") -> 46309 | D55: =IF(E29<>"",E29,"") | E55: =IF(F29<>"",F29,"") | F55: =IF(G29<>"",G29,"") | G55: =IF(H29<>"",H29,"") | H55: =IF(I29<>"",I29,"") | I55: =IF(J29<>"",J29,"") | J55: =IF(K29<>"",K29,"") | K55: =IF(L29<>"",L29,"") | ... AC55: =IF(AD29<>"",AD29,"")
B56: =B55 -> Sweden | C56: =IF(C30<>"",C30,"") -> 46310 | D56: =IF(E30<>"",E30,"") | E56: =IF(F30<>"",F30,"") | F56: =IF(G30<>"",G30,"") | G56: =IF(H30<>"",H30,"") | H56: =IF(I30<>"",I30,"") | I56: =IF(J30<>"",J30,"") | J56: =IF(K30<>"",K30,"") | K56: =IF(L30<>"",L30,"") | ... AC56: =IF(AD30<>"",AD30,"")
B57: =B56 -> Sweden | C57: =IF(C31<>"",C31,"") -> 46315 | D57: =IF(E31<>"",E31,"") | E57: =IF(F31<>"",F31,"") | F57: =IF(G31<>"",G31,"") | G57: =IF(H31<>"",H31,"") | H57: =IF(I31<>"",I31,"") | I57: =IF(J31<>"",J31,"") | J57: =IF(K31<>"",K31,"") | K57: =IF(L31<>"",L31,"") | ... AC57: =IF(AD31<>"",AD31,"")
B58: =B57 -> Sweden | C58: =IF(C32<>"",C32,"") -> 46323 | D58: =IF(E32<>"",E32,"") | E58: =IF(F32<>"",F32,"") | F58: =IF(G32<>"",G32,"") | G58: =IF(H32<>"",H32,"") | H58: =IF(I32<>"",I32,"") | I58: =IF(J32<>"",J32,"") | J58: =IF(K32<>"",K32,"") | K58: =IF(L32<>"",L32,"") | ... AC58: =IF(AD32<>"",AD32,"")
B59: =B58 -> Sweden | C59: =IF(C33<>"",C33,"") -> 46324 | D59: =IF(E33<>"",E33,"") | E59: =IF(F33<>"",F33,"") | F59: =IF(G33<>"",G33,"") | G59: =IF(H33<>"",H33,"") | H59: =IF(I33<>"",I33,"") | I59: =IF(J33<>"",J33,"") | J59: =IF(K33<>"",K33,"") | K59: =IF(L33<>"",L33,"") | ... AC59: =IF(AD33<>"",AD33,"")
B60: =B59 -> Sweden | C60: =IF(C34<>"",C34,"") -> 46327 | D60: =IF(E34<>"",E34,"") | E60: =IF(F34<>"",F34,"") | F60: =IF(G34<>"",G34,"") | G60: =IF(H34<>"",H34,"") | H60: =IF(I34<>"",I34,"") | I60: =IF(J34<>"",J34,"") | J60: =IF(K34<>"",K34,"") | K60: =IF(L34<>"",L34,"") | ... AC60: =IF(AD34<>"",AD34,"")
B61: =B60 -> Sweden | C61: =IF(C35<>"",C35,"") -> 46328 | D61: =IF(E35<>"",E35,"") | E61: =IF(F35<>"",F35,"") | F61: =IF(G35<>"",G35,"") | G61: =IF(H35<>"",H35,"") | H61: =IF(I35<>"",I35,"") | I61: =IF(J35<>"",J35,"") | J61: =IF(K35<>"",K35,"") | K61: =IF(L35<>"",L35,"") | ... AC61: =IF(AD35<>"",AD35,"")
B62: =B61 -> Sweden | C62: =IF(C36<>"",C36,"") -> 46329 | D62: =IF(E36<>"",E36,"") | E62: =IF(F36<>"",F36,"") | F62: =IF(G36<>"",G36,"") | G62: =IF(H36<>"",H36,"") | H62: =IF(I36<>"",I36,"") | I62: =IF(J36<>"",J36,"") | J62: =IF(K36<>"",K36,"") | K62: =IF(L36<>"",L36,"") | ... AC62: =IF(AD36<>"",AD36,"")
B63: =B62 -> Sweden | C63: =IF(C37<>"",C37,"") -> 46334 | D63: =IF(E37<>"",E37,"") | E63: =IF(F37<>"",F37,"") | F63: =IF(G37<>"",G37,"") | G63: =IF(H37<>"",H37,"") | H63: =IF(I37<>"",I37,"") | I63: =IF(J37<>"",J37,"") | J63: =IF(K37<>"",K37,"") | K63: =IF(L37<>"",L37,"") | ... AC63: =IF(AD37<>"",AD37,"")
B64: =B63 -> Sweden | C64: =IF(C38<>"",C38,"") -> 46335 | D64: =IF(E38<>"",E38,"") | E64: =IF(F38<>"",F38,"") | F64: =IF(G38<>"",G38,"") | G64: =IF(H38<>"",H38,"") | H64: =IF(I38<>"",I38,"") | I64: =IF(J38<>"",J38,"") | J64: =IF(K38<>"",K38,"") | K64: =IF(L38<>"",L38,"") | ... AC64: =IF(AD38<>"",AD38,"")
B65: =B64 -> Sweden | C65: =IF(C39<>"",C39,"") -> 46336 | D65: =IF(E39<>"",E39,"") | E65: =IF(F39<>"",F39,"") | F65: =IF(G39<>"",G39,"") | G65: =IF(H39<>"",H39,"") | H65: =IF(I39<>"",I39,"") | I65: =IF(J39<>"",J39,"") | J65: =IF(K39<>"",K39,"") | K65: =IF(L39<>"",L39,"") | ... AC65: =IF(AD39<>"",AD39,"")
B66: =B65 -> Sweden | C66: =IF(C40<>"",C40,"") -> 46337 | D66: =IF(E40<>"",E40,"") | E66: =IF(F40<>"",F40,"") | F66: =IF(G40<>"",G40,"") -> Narodowe Święto Niepodległości (Bağımsızlık Günü) | G66: =IF(H40<>"",H40,"") | H66: =IF(I40<>"",I40,"") | I66: =IF(J40<>"",J40,"") | J66: =IF(K40<>"",K40,"") | K66: =IF(L40<>"",L40,"") | ... AC66: =IF(AD40<>"",AD40,"")
B67: =B66 -> Sweden | C67: =IF(C41<>"",C41,"") -> 46341 | D67: =IF(E41<>"",E41,"") | E67: =IF(F41<>"",F41,"") | F67: =IF(G41<>"",G41,"") | G67: =IF(H41<>"",H41,"") | H67: =IF(I41<>"",I41,"") | I67: =IF(J41<>"",J41,"") | J67: =IF(K41<>"",K41,"") | K67: =IF(L41<>"",L41,"") | ... AC67: =IF(AD41<>"",AD41,"")
... B79: =B78 -> Sweden | C79: =IF(C53<>"",C53,"") -> 46382 | D79: =IF(E53<>"",E53,"") | E79: =IF(F53<>"",F53,"") | F79: =IF(G53<>"",G53,"") | G79: =IF(H53<>"",H53,"") | H79: =IF(I53<>"",I53,"") | I79: =IF(J53<>"",J53,"") | J79: =IF(K53<>"",K53,"") | K79: =IF(L53<>"",L53,"") | ... AC79: =IF(AD53<>"",AD53,"")
D80: =E54 -> China | E80: =F54 -> Poland | F80: =G54 -> Germany | G80: =H54 -> Ireland | H80: =I54 -> Canada | I80: =J54 -> Netherlands | J80: =K54 -> France | K80: =L54 -> United Kingdom | ... AC80: =AD54 -> 0
B81: =D80 -> China | C81: =IF(C55<>"",C55,"") -> 46309 | D81: =IF(E55<>"",E55,"") | E81: =IF(F55<>"",F55,"") | F81: =IF(G55<>"",G55,"") | G81: =IF(H55<>"",H55,"") | H81: =IF(I55<>"",I55,"") | I81: =IF(J55<>"",J55,"") | J81: =IF(K55<>"",K55,"") | K81: =IF(L55<>"",L55,"") | ... AC81: =IF(AD55<>"",AD55,"")
B82: =B81 -> China | C82: =IF(C56<>"",C56,"") -> 46310 | D82: =IF(E56<>"",E56,"") | E82: =IF(F56<>"",F56,"") | F82: =IF(G56<>"",G56,"") | G82: =IF(H56<>"",H56,"") | H82: =IF(I56<>"",I56,"") | I82: =IF(J56<>"",J56,"") | J82: =IF(K56<>"",K56,"") | K82: =IF(L56<>"",L56,"") | ... AC82: =IF(AD56<>"",AD56,"")
B83: =B82 -> China | C83: =IF(C57<>"",C57,"") -> 46315 | D83: =IF(E57<>"",E57,"") | E83: =IF(F57<>"",F57,"") | F83: =IF(G57<>"",G57,"") | G83: =IF(H57<>"",H57,"") | H83: =IF(I57<>"",I57,"") | I83: =IF(J57<>"",J57,"") | J83: =IF(K57<>"",K57,"") | K83: =IF(L57<>"",L57,"") | ... AC83: =IF(AD57<>"",AD57,"")
B84: =B83 -> China | C84: =IF(C58<>"",C58,"") -> 46323 | D84: =IF(E58<>"",E58,"") | E84: =IF(F58<>"",F58,"") | F84: =IF(G58<>"",G58,"") | G84: =IF(H58<>"",H58,"") | H84: =IF(I58<>"",I58,"") | I84: =IF(J58<>"",J58,"") | J84: =IF(K58<>"",K58,"") | K84: =IF(L58<>"",L58,"") | ... AC84: =IF(AD58<>"",AD58,"")
B85: =B84 -> China | C85: =IF(C59<>"",C59,"") -> 46324 | D85: =IF(E59<>"",E59,"") | E85: =IF(F59<>"",F59,"") | F85: =IF(G59<>"",G59,"") | G85: =IF(H59<>"",H59,"") | H85: =IF(I59<>"",I59,"") | I85: =IF(J59<>"",J59,"") | J85: =IF(K59<>"",K59,"") | K85: =IF(L59<>"",L59,"") | ... AC85: =IF(AD59<>"",AD59,"")
B86: =B85 -> China | C86: =IF(C60<>"",C60,"") -> 46327 | D86: =IF(E60<>"",E60,"") | E86: =IF(F60<>"",F60,"") | F86: =IF(G60<>"",G60,"") | G86: =IF(H60<>"",H60,"") | H86: =IF(I60<>"",I60,"") | I86: =IF(J60<>"",J60,"") | J86: =IF(K60<>"",K60,"") | K86: =IF(L60<>"",L60,"") | ... AC86: =IF(AD60<>"",AD60,"")
B87: =B86 -> China | C87: =IF(C61<>"",C61,"") -> 46328 | D87: =IF(E61<>"",E61,"") | E87: =IF(F61<>"",F61,"") | F87: =IF(G61<>"",G61,"") | G87: =IF(H61<>"",H61,"") | H87: =IF(I61<>"",I61,"") | I87: =IF(J61<>"",J61,"") | J87: =IF(K61<>"",K61,"") | K87: =IF(L61<>"",L61,"") | ... AC87: =IF(AD61<>"",AD61,"")
B88: =B87 -> China | C88: =IF(C62<>"",C62,"") -> 46329 | D88: =IF(E62<>"",E62,"") | E88: =IF(F62<>"",F62,"") | F88: =IF(G62<>"",G62,"") | G88: =IF(H62<>"",H62,"") | H88: =IF(I62<>"",I62,"") | I88: =IF(J62<>"",J62,"") | J88: =IF(K62<>"",K62,"") | K88: =IF(L62<>"",L62,"") | ... AC88: =IF(AD62<>"",AD62,"")
B89: =B88 -> China | C89: =IF(C63<>"",C63,"") -> 46334 | D89: =IF(E63<>"",E63,"") | E89: =IF(F63<>"",F63,"") | F89: =IF(G63<>"",G63,"") | G89: =IF(H63<>"",H63,"") | H89: =IF(I63<>"",I63,"") | I89: =IF(J63<>"",J63,"") | J89: =IF(K63<>"",K63,"") | K89: =IF(L63<>"",L63,"") | ... AC89: =IF(AD63<>"",AD63,"")
B90: =B89 -> China | C90: =IF(C64<>"",C64,"") -> 46335 | D90: =IF(E64<>"",E64,"") | E90: =IF(F64<>"",F64,"") | F90: =IF(G64<>"",G64,"") | G90: =IF(H64<>"",H64,"") | H90: =IF(I64<>"",I64,"") | I90: =IF(J64<>"",J64,"") | J90: =IF(K64<>"",K64,"") | K90: =IF(L64<>"",L64,"") | ... AC90: =IF(AD64<>"",AD64,"")
B91: =B90 -> China | C91: =IF(C65<>"",C65,"") -> 46336 | D91: =IF(E65<>"",E65,"") | E91: =IF(F65<>"",F65,"") | F91: =IF(G65<>"",G65,"") | G91: =IF(H65<>"",H65,"") | H91: =IF(I65<>"",I65,"") | I91: =IF(J65<>"",J65,"") | J91: =IF(K65<>"",K65,"") | K91: =IF(L65<>"",L65,"") | ... AC91: =IF(AD65<>"",AD65,"")
B92: =B91 -> China | C92: =IF(C66<>"",C66,"") -> 46337 | D92: =IF(E66<>"",E66,"") | E92: =IF(F66<>"",F66,"") -> Narodowe Święto Niepodległości (Bağımsızlık Günü) | F92: =IF(G66<>"",G66,"") | G92: =IF(H66<>"",H66,"") | H92: =IF(I66<>"",I66,"") | I92: =IF(J66<>"",J66,"") | J92: =IF(K66<>"",K66,"") | K92: =IF(L66<>"",L66,"") | ... AC92: =IF(AD66<>"",AD66,"")
B93: =B92 -> China | C93: =IF(C67<>"",C67,"") -> 46341 | D93: =IF(E67<>"",E67,"") | E93: =IF(F67<>"",F67,"") | F93: =IF(G67<>"",G67,"") | G93: =IF(H67<>"",H67,"") | H93: =IF(I67<>"",I67,"") | I93: =IF(J67<>"",J67,"") | J93: =IF(K67<>"",K67,"") | K93: =IF(L67<>"",L67,"") | ... AC93: =IF(AD67<>"",AD67,"")
... B105: =B104 -> China | C105: =IF(C79<>"",C79,"") -> 46382 | D105: =IF(E79<>"",E79,"") | E105: =IF(F79<>"",F79,"") | F105: =IF(G79<>"",G79,"") | G105: =IF(H79<>"",H79,"") | H105: =IF(I79<>"",I79,"") | I105: =IF(J79<>"",J79,"") | J105: =IF(K79<>"",K79,"") | K105: =IF(L79<>"",L79,"") | ... AC105: =IF(AD79<>"",AD79,"")
D106: =E80 -> Poland | E106: =F80 -> Germany | F106: =G80 -> Ireland | G106: =H80 -> Canada | H106: =I80 -> Netherlands | I106: =J80 -> France | J106: =K80 -> United Kingdom | K106: =L80 -> Fildişi Sahili | ... AC106: =AD80 -> 0
B107: =D106 -> Poland | C107: =IF(C81<>"",C81,"") -> 46309 | D107: =IF(E81<>"",E81,"") | E107: =IF(F81<>"",F81,"") | F107: =IF(G81<>"",G81,"") | G107: =IF(H81<>"",H81,"") | H107: =IF(I81<>"",I81,"") | I107: =IF(J81<>"",J81,"") | J107: =IF(K81<>"",K81,"") | K107: =IF(L81<>"",L81,"") | ... AC107: =IF(AD81<>"",AD81,"")
B108: =B107 -> Poland | C108: =IF(C82<>"",C82,"") -> 46310 | D108: =IF(E82<>"",E82,"") | E108: =IF(F82<>"",F82,"") | F108: =IF(G82<>"",G82,"") | G108: =IF(H82<>"",H82,"") | H108: =IF(I82<>"",I82,"") | I108: =IF(J82<>"",J82,"") | J108: =IF(K82<>"",K82,"") | K108: =IF(L82<>"",L82,"") | ... AC108: =IF(AD82<>"",AD82,"")
B109: =B108 -> Poland | C109: =IF(C83<>"",C83,"") -> 46315 | D109: =IF(E83<>"",E83,"") | E109: =IF(F83<>"",F83,"") | F109: =IF(G83<>"",G83,"") | G109: =IF(H83<>"",H83,"") | H109: =IF(I83<>"",I83,"") | I109: =IF(J83<>"",J83,"") | J109: =IF(K83<>"",K83,"") | K109: =IF(L83<>"",L83,"") | ... AC109: =IF(AD83<>"",AD83,"")
B110: =B109 -> Poland | C110: =IF(C84<>"",C84,"") -> 46323 | D110: =IF(E84<>"",E84,"") | E110: =IF(F84<>"",F84,"") | F110: =IF(G84<>"",G84,"") | G110: =IF(H84<>"",H84,"") | H110: =IF(I84<>"",I84,"") | I110: =IF(J84<>"",J84,"") | J110: =IF(K84<>"",K84,"") | K110: =IF(L84<>"",L84,"") | ... AC110: =IF(AD84<>"",AD84,"")
B111: =B110 -> Poland | C111: =IF(C85<>"",C85,"") -> 46324 | D111: =IF(E85<>"",E85,"") | E111: =IF(F85<>"",F85,"") | F111: =IF(G85<>"",G85,"") | G111: =IF(H85<>"",H85,"") | H111: =IF(I85<>"",I85,"") | I111: =IF(J85<>"",J85,"") | J111: =IF(K85<>"",K85,"") | K111: =IF(L85<>"",L85,"") | ... AC111: =IF(AD85<>"",AD85,"")
B112: =B111 -> Poland | C112: =IF(C86<>"",C86,"") -> 46327 | D112: =IF(E86<>"",E86,"") | E112: =IF(F86<>"",F86,"") | F112: =IF(G86<>"",G86,"") | G112: =IF(H86<>"",H86,"") | H112: =IF(I86<>"",I86,"") | I112: =IF(J86<>"",J86,"") | J112: =IF(K86<>"",K86,"") | K112: =IF(L86<>"",L86,"") -> All Saints' Day (Azizler Günü) | ... AC112: =IF(AD86<>"",AD86,"")
B113: =B112 -> Poland | C113: =IF(C87<>"",C87,"") -> 46328 | D113: =IF(E87<>"",E87,"") | E113: =IF(F87<>"",F87,"") | F113: =IF(G87<>"",G87,"") | G113: =IF(H87<>"",H87,"") | H113: =IF(I87<>"",I87,"") | I113: =IF(J87<>"",J87,"") | J113: =IF(K87<>"",K87,"") | K113: =IF(L87<>"",L87,"") | ... AC113: =IF(AD87<>"",AD87,"")
B114: =B113 -> Poland | C114: =IF(C88<>"",C88,"") -> 46329 | D114: =IF(E88<>"",E88,"") | E114: =IF(F88<>"",F88,"") | F114: =IF(G88<>"",G88,"") | G114: =IF(H88<>"",H88,"") | H114: =IF(I88<>"",I88,"") | I114: =IF(J88<>"",J88,"") | J114: =IF(K88<>"",K88,"") | K114: =IF(L88<>"",L88,"") | ... AC114: =IF(AD88<>"",AD88,"")
B115: =B114 -> Poland | C115: =IF(C89<>"",C89,"") -> 46334 | D115: =IF(E89<>"",E89,"") | E115: =IF(F89<>"",F89,"") | F115: =IF(G89<>"",G89,"") | G115: =IF(H89<>"",H89,"") | H115: =IF(I89<>"",I89,"") | I115: =IF(J89<>"",J89,"") | J115: =IF(K89<>"",K89,"") | K115: =IF(L89<>"",L89,"") | ... AC115: =IF(AD89<>"",AD89,"")
B116: =B115 -> Poland | C116: =IF(C90<>"",C90,"") -> 46335 | D116: =IF(E90<>"",E90,"") | E116: =IF(F90<>"",F90,"") | F116: =IF(G90<>"",G90,"") | G116: =IF(H90<>"",H90,"") | H116: =IF(I90<>"",I90,"") | I116: =IF(J90<>"",J90,"") | J116: =IF(K90<>"",K90,"") | K116: =IF(L90<>"",L90,"") | ... AC116: =IF(AD90<>"",AD90,"")
B117: =B116 -> Poland | C117: =IF(C91<>"",C91,"") -> 46336 | D117: =IF(E91<>"",E91,"") | E117: =IF(F91<>"",F91,"") | F117: =IF(G91<>"",G91,"") | G117: =IF(H91<>"",H91,"") | H117: =IF(I91<>"",I91,"") | I117: =IF(J91<>"",J91,"") | J117: =IF(K91<>"",K91,"") | K117: =IF(L91<>"",L91,"") | ... AC117: =IF(AD91<>"",AD91,"")
B118: =B117 -> Poland | C118: =IF(C92<>"",C92,"") -> 46337 | D118: =IF(E92<>"",E92,"") -> Narodowe Święto Niepodległości (Bağımsızlık Günü) | E118: =IF(F92<>"",F92,"") | F118: =IF(G92<>"",G92,"") | G118: =IF(H92<>"",H92,"") | H118: =IF(I92<>"",I92,"") | I118: =IF(J92<>"",J92,"") | J118: =IF(K92<>"",K92,"") | K118: =IF(L92<>"",L92,"") | ... AC118: =IF(AD92<>"",AD92,"")
B119: =B118 -> Poland | C119: =IF(C93<>"",C93,"") -> 46341 | D119: =IF(E93<>"",E93,"") | E119: =IF(F93<>"",F93,"") | F119: =IF(G93<>"",G93,"") | G119: =IF(H93<>"",H93,"") | H119: =IF(I93<>"",I93,"") | I119: =IF(J93<>"",J93,"") | J119: =IF(K93<>"",K93,"") | K119: =IF(L93<>"",L93,"") -> National Peace Day (Ulusal Barış Günü) | ... AC119: =IF(AD93<>"",AD93,"")
... B131: =B130 -> Poland | C131: =IF(C105<>"",C105,"") -> 46382 | D131: =IF(E105<>"",E105,"") | E131: =IF(F105<>"",F105,"") | F131: =IF(G105<>"",G105,"") | G131: =IF(H105<>"",H105,"") | H131: =IF(I105<>"",I105,"") | I131: =IF(J105<>"",J105,"") | J131: =IF(K105<>"",K105,"") | K131: =IF(L105<>"",L105,"") | ... AC131: =IF(AD105<>"",AD105,"")
D132: =E106 -> Germany | E132: =F106 -> Ireland | F132: =G106 -> Canada | G132: =H106 -> Netherlands | H132: =I106 -> France | I132: =J106 -> United Kingdom | J132: =K106 -> Fildişi Sahili | K132: =L106 -> Ekvador | ... AC132: =AD106 -> 0
B133: =D132 -> Germany | C133: =IF(C107<>"",C107,"") -> 46309 | D133: =IF(E107<>"",E107,"") | E133: =IF(F107<>"",F107,"") | F133: =IF(G107<>"",G107,"") | G133: =IF(H107<>"",H107,"") | H133: =IF(I107<>"",I107,"") | I133: =IF(J107<>"",J107,"") | J133: =IF(K107<>"",K107,"") | K133: =IF(L107<>"",L107,"") | ... AC133: =IF(AD107<>"",AD107,"")
B134: =B133 -> Germany | C134: =IF(C108<>"",C108,"") -> 46310 | D134: =IF(E108<>"",E108,"") | E134: =IF(F108<>"",F108,"") | F134: =IF(G108<>"",G108,"") | G134: =IF(H108<>"",H108,"") | H134: =IF(I108<>"",I108,"") | I134: =IF(J108<>"",J108,"") | J134: =IF(K108<>"",K108,"") | K134: =IF(L108<>"",L108,"") | ... AC134: =IF(AD108<>"",AD108,"")
B135: =B134 -> Germany | C135: =IF(C109<>"",C109,"") -> 46315 | D135: =IF(E109<>"",E109,"") | E135: =IF(F109<>"",F109,"") | F135: =IF(G109<>"",G109,"") | G135: =IF(H109<>"",H109,"") | H135: =IF(I109<>"",I109,"") | I135: =IF(J109<>"",J109,"") | J135: =IF(K109<>"",K109,"") | K135: =IF(L109<>"",L109,"") | ... AC135: =IF(AD109<>"",AD109,"")
B136: =B135 -> Germany | C136: =IF(C110<>"",C110,"") -> 46323 | D136: =IF(E110<>"",E110,"") | E136: =IF(F110<>"",F110,"") | F136: =IF(G110<>"",G110,"") | G136: =IF(H110<>"",H110,"") | H136: =IF(I110<>"",I110,"") | I136: =IF(J110<>"",J110,"") | J136: =IF(K110<>"",K110,"") | K136: =IF(L110<>"",L110,"") | ... AC136: =IF(AD110<>"",AD110,"")
B137: =B136 -> Germany | C137: =IF(C111<>"",C111,"") -> 46324 | D137: =IF(E111<>"",E111,"") | E137: =IF(F111<>"",F111,"") | F137: =IF(G111<>"",G111,"") | G137: =IF(H111<>"",H111,"") | H137: =IF(I111<>"",I111,"") | I137: =IF(J111<>"",J111,"") | J137: =IF(K111<>"",K111,"") | K137: =IF(L111<>"",L111,"") | ... AC137: =IF(AD111<>"",AD111,"")
B138: =B137 -> Germany | C138: =IF(C112<>"",C112,"") -> 46327 | D138: =IF(E112<>"",E112,"") | E138: =IF(F112<>"",F112,"") | F138: =IF(G112<>"",G112,"") | G138: =IF(H112<>"",H112,"") | H138: =IF(I112<>"",I112,"") | I138: =IF(J112<>"",J112,"") | J138: =IF(K112<>"",K112,"") -> All Saints' Day (Azizler Günü) | K138: =IF(L112<>"",L112,"") | ... AC138: =IF(AD112<>"",AD112,"")
B139: =B138 -> Germany | C139: =IF(C113<>"",C113,"") -> 46328 | D139: =IF(E113<>"",E113,"") | E139: =IF(F113<>"",F113,"") | F139: =IF(G113<>"",G113,"") | G139: =IF(H113<>"",H113,"") | H139: =IF(I113<>"",I113,"") | I139: =IF(J113<>"",J113,"") | J139: =IF(K113<>"",K113,"") | K139: =IF(L113<>"",L113,"") -> All Souls' Day (Ölüleri Anma Günü) | ... AC139: =IF(AD113<>"",AD113,"")
B140: =B139 -> Germany | C140: =IF(C114<>"",C114,"") -> 46329 | D140: =IF(E114<>"",E114,"") | E140: =IF(F114<>"",F114,"") | F140: =IF(G114<>"",G114,"") | G140: =IF(H114<>"",H114,"") | H140: =IF(I114<>"",I114,"") | I140: =IF(J114<>"",J114,"") | J140: =IF(K114<>"",K114,"") | K140: =IF(L114<>"",L114,"") -> Independence of Cuenca (Cuenca'nın Bağımsızlığı) | ... AC140: =IF(AD114<>"",AD114,"")
B141: =B140 -> Germany | C141: =IF(C115<>"",C115,"") -> 46334 | D141: =IF(E115<>"",E115,"") | E141: =IF(F115<>"",F115,"") | F141: =IF(G115<>"",G115,"") | G141: =IF(H115<>"",H115,"") | H141: =IF(I115<>"",I115,"") | I141: =IF(J115<>"",J115,"") | J141: =IF(K115<>"",K115,"") | K141: =IF(L115<>"",L115,"") | ... AC141: =IF(AD115<>"",AD115,"")
B142: =B141 -> Germany | C142: =IF(C116<>"",C116,"") -> 46335 | D142: =IF(E116<>"",E116,"") | E142: =IF(F116<>"",F116,"") | F142: =IF(G116<>"",G116,"") | G142: =IF(H116<>"",H116,"") | H142: =IF(I116<>"",I116,"") | I142: =IF(J116<>"",J116,"") | J142: =IF(K116<>"",K116,"") | K142: =IF(L116<>"",L116,"") | ... AC142: =IF(AD116<>"",AD116,"")
B143: =B142 -> Germany | C143: =IF(C117<>"",C117,"") -> 46336 | D143: =IF(E117<>"",E117,"") | E143: =IF(F117<>"",F117,"") | F143: =IF(G117<>"",G117,"") | G143: =IF(H117<>"",H117,"") | H143: =IF(I117<>"",I117,"") | I143: =IF(J117<>"",J117,"") | J143: =IF(K117<>"",K117,"") | K143: =IF(L117<>"",L117,"") | ... AC143: =IF(AD117<>"",AD117,"")
B144: =B143 -> Germany | C144: =IF(C118<>"",C118,"") -> 46337 | D144: =IF(E118<>"",E118,"") | E144: =IF(F118<>"",F118,"") | F144: =IF(G118<>"",G118,"") | G144: =IF(H118<>"",H118,"") | H144: =IF(I118<>"",I118,"") | I144: =IF(J118<>"",J118,"") | J144: =IF(K118<>"",K118,"") | K144: =IF(L118<>"",L118,"") | ... AC144: =IF(AD118<>"",AD118,"")
B145: =B144 -> Germany | C145: =IF(C119<>"",C119,"") -> 46341 | D145: =IF(E119<>"",E119,"") | E145: =IF(F119<>"",F119,"") | F145: =IF(G119<>"",G119,"") | G145: =IF(H119<>"",H119,"") | H145: =IF(I119<>"",I119,"") | I145: =IF(J119<>"",J119,"") | J145: =IF(K119<>"",K119,"") -> National Peace Day (Ulusal Barış Günü) | K145: =IF(L119<>"",L119,"") | ... AC145: =IF(AD119<>"",AD119,"")
... B157: =B156 -> Germany | C157: =IF(C131<>"",C131,"") -> 46382 | D157: =IF(E131<>"",E131,"") | E157: =IF(F131<>"",F131,"") | F157: =IF(G131<>"",G131,"") | G157: =IF(H131<>"",H131,"") | H157: =IF(I131<>"",I131,"") | I157: =IF(J131<>"",J131,"") | J157: =IF(K131<>"",K131,"") | K157: =IF(L131<>"",L131,"") | ... AC157: =IF(AD131<>"",AD131,"")
D158: =E132 -> Ireland | E158: =F132 -> Canada | F158: =G132 -> Netherlands | G158: =H132 -> France | H158: =I132 -> United Kingdom | I158: =J132 -> Fildişi Sahili | J158: =K132 -> Ekvador | K158: =L132 -> Estonya | ... AC158: =AD132 -> 0
B159: =D158 -> Ireland | C159: =IF(C133<>"",C133,"") -> 46309 | D159: =IF(E133<>"",E133,"") | E159: =IF(F133<>"",F133,"") | F159: =IF(G133<>"",G133,"") | G159: =IF(H133<>"",H133,"") | H159: =IF(I133<>"",I133,"") | I159: =IF(J133<>"",J133,"") | J159: =IF(K133<>"",K133,"") | K159: =IF(L133<>"",L133,"") | ... AC159: =IF(AD133<>"",AD133,"")
B160: =B159 -> Ireland | C160: =IF(C134<>"",C134,"") -> 46310 | D160: =IF(E134<>"",E134,"") | E160: =IF(F134<>"",F134,"") | F160: =IF(G134<>"",G134,"") | G160: =IF(H134<>"",H134,"") | H160: =IF(I134<>"",I134,"") | I160: =IF(J134<>"",J134,"") | J160: =IF(K134<>"",K134,"") | K160: =IF(L134<>"",L134,"") | ... AC160: =IF(AD134<>"",AD134,"")
B161: =B160 -> Ireland | C161: =IF(C135<>"",C135,"") -> 46315 | D161: =IF(E135<>"",E135,"") | E161: =IF(F135<>"",F135,"") | F161: =IF(G135<>"",G135,"") | G161: =IF(H135<>"",H135,"") | H161: =IF(I135<>"",I135,"") | I161: =IF(J135<>"",J135,"") | J161: =IF(K135<>"",K135,"") | K161: =IF(L135<>"",L135,"") | ... AC161: =IF(AD135<>"",AD135,"")
B162: =B161 -> Ireland | C162: =IF(C136<>"",C136,"") -> 46323 | D162: =IF(E136<>"",E136,"") | E162: =IF(F136<>"",F136,"") | F162: =IF(G136<>"",G136,"") | G162: =IF(H136<>"",H136,"") | H162: =IF(I136<>"",I136,"") | I162: =IF(J136<>"",J136,"") | J162: =IF(K136<>"",K136,"") | K162: =IF(L136<>"",L136,"") | ... AC162: =IF(AD136<>"",AD136,"")
B163: =B162 -> Ireland | C163: =IF(C137<>"",C137,"") -> 46324 | D163: =IF(E137<>"",E137,"") | E163: =IF(F137<>"",F137,"") | F163: =IF(G137<>"",G137,"") | G163: =IF(H137<>"",H137,"") | H163: =IF(I137<>"",I137,"") | I163: =IF(J137<>"",J137,"") | J163: =IF(K137<>"",K137,"") | K163: =IF(L137<>"",L137,"") | ... AC163: =IF(AD137<>"",AD137,"")
B164: =B163 -> Ireland | C164: =IF(C138<>"",C138,"") -> 46327 | D164: =IF(E138<>"",E138,"") | E164: =IF(F138<>"",F138,"") | F164: =IF(G138<>"",G138,"") | G164: =IF(H138<>"",H138,"") | H164: =IF(I138<>"",I138,"") | I164: =IF(J138<>"",J138,"") -> All Saints' Day (Azizler Günü) | J164: =IF(K138<>"",K138,"") | K164: =IF(L138<>"",L138,"") | ... AC164: =IF(AD138<>"",AD138,"")
B165: =B164 -> Ireland | C165: =IF(C139<>"",C139,"") -> 46328 | D165: =IF(E139<>"",E139,"") | E165: =IF(F139<>"",F139,"") | F165: =IF(G139<>"",G139,"") | G165: =IF(H139<>"",H139,"") | H165: =IF(I139<>"",I139,"") | I165: =IF(J139<>"",J139,"") | J165: =IF(K139<>"",K139,"") -> All Souls' Day (Ölüleri Anma Günü) | K165: =IF(L139<>"",L139,"") | ... AC165: =IF(AD139<>"",AD139,"")
B166: =B165 -> Ireland | C166: =IF(C140<>"",C140,"") -> 46329 | D166: =IF(E140<>"",E140,"") | E166: =IF(F140<>"",F140,"") | F166: =IF(G140<>"",G140,"") | G166: =IF(H140<>"",H140,"") | H166: =IF(I140<>"",I140,"") | I166: =IF(J140<>"",J140,"") | J166: =IF(K140<>"",K140,"") -> Independence of Cuenca (Cuenca'nın Bağımsızlığı) | K166: =IF(L140<>"",L140,"") | ... AC166: =IF(AD140<>"",AD140,"")
B167: =B166 -> Ireland | C167: =IF(C141<>"",C141,"") -> 46334 | D167: =IF(E141<>"",E141,"") | E167: =IF(F141<>"",F141,"") | F167: =IF(G141<>"",G141,"") | G167: =IF(H141<>"",H141,"") | H167: =IF(I141<>"",I141,"") | I167: =IF(J141<>"",J141,"") | J167: =IF(K141<>"",K141,"") | K167: =IF(L141<>"",L141,"") | ... AC167: =IF(AD141<>"",AD141,"")
B168: =B167 -> Ireland | C168: =IF(C142<>"",C142,"") -> 46335 | D168: =IF(E142<>"",E142,"") | E168: =IF(F142<>"",F142,"") | F168: =IF(G142<>"",G142,"") | G168: =IF(H142<>"",H142,"") | H168: =IF(I142<>"",I142,"") | I168: =IF(J142<>"",J142,"") | J168: =IF(K142<>"",K142,"") | K168: =IF(L142<>"",L142,"") | ... AC168: =IF(AD142<>"",AD142,"")
...

Sheet Sayfa2
B2: Tanzanya | C2: 46309 | D2: Nyerere Day (Nyerere'yi Anma Günü)
B3: Tunus | C3: 46310 | D3: Evacuation Day (Tahliye Günü)
B4: Kenya | C4: 46315 | D4: Mashujaa Day (Kahramanlar Günü)
B5: Türkiye | C5: 46323 | D5: Republic Day Eve (Cumhuriyet Bayramı Arifesi)
B6: Türkiye | C6: 46324 | D6: Republic Day (Cumhuriyet Bayramı)
B7: Croatia | C7: 46327 | D7: All Saints' Day (Azizler Günü)
B8: Fildişi Sahili | C8: 46327 | D8: All Saints' Day (Azizler Günü)
B9: Italy | C9: 46327 | D9: All Saints' Day (Azizler Günü)
B10: Lüksemburg | C10: 46327 | D10: All Saints' Day (Azizler Günü)
B11: Ekvador | C11: 46328 | D11: All Souls' Day (Ölüleri Anma Günü)
B12: Ekvador | C12: 46329 | D12: Independence of Cuenca (Cuenca'nın Bağımsızlığı)
B13: Azerbaycan | C13: 46334 | D13: Victory Day (Zafer Günü)
... B28: Tunus | C28: 46373 | D28: Revolution and Youth Day (Devrim ve Gençlik Günü)

Sheet geçen
B1: United States | C1: Sweden | D1: China | E1: Poland | F1: Germany | G1: Ireland | H1: Canada | I1: Netherlands | J1: France | K1: United Kingdom | L1: Fildişi Sahili | M1: Ekvador | N1: Estonya | O1: Kenya | P1: Lüksemburg | Q1: Singapur | R1: Slovakya | S1: İsviçre | T1: Tanzanya | U1: Tunus | V1: Türkmenistan | W1: Azerbaycan | X1: Italy | Y1: South Korea | Z1: Croatia | AA1: Türkiye | AB1: Mısır
A2: 46023 | B2: New Year's Day (Yılbaşı) | C2: Nyårsdagen (Yılbaşı) | D2: New Year's Day (Yılbaşı) | E2: Nowy Rok (Yılbaşı) | F2: Neujahr (Yılbaşı) | G2: New Year's Day (Yılbaşı) | H2: New Year's Day (Yılbaşı) | I2: Nieuwjaar (Yılbaşı) | J2: Jour de l'an (Yılbaşı) | K2: New Year's Day (Yılbaşı) | L2: New Year's Day (Yılbaşı) | M2: New Year's Day (Yılbaşı) | N2: New Year's Day (Yılbaşı) | O2: New Year's Day (Yılbaşı) | P2: New Year's Day (Yılbaşı) | Q2: New Year's Day (Yılbaşı) | R2: Day of the Establishment of the Slovak Republic (Slovakya Cumhuriyeti'nin Kuruluş Günü) | S2: New Year's Day (Yılbaşı) | T2: New Year's Day (Yılbaşı) | U2: New Year's Day (Yılbaşı) | V2: New Year's Day (Yılbaşı) | W2: New Year's Day (Yılbaşı) | X2: New Year's Day (Yılbaşı) | Y2: New Year's Day (Yılbaşı) | Z2: New Year's Day (Yılbaşı) | AA2: New Year's Day (Yılbaşı)
A3: 46024 | W3: New Year's Day Holiday (Yılbaşı Ertesi)
A4: 46028 | C4: Trettondedag jul (Epifani) | R4: Epiphany (Teofani / Üç Kral Bayramı) | X4: Epiphany (Epifani Bayramı) | Z4: Epiphany (Epifani Bayramı)
A5: 46029 | AB5: Coptic Christmas Day (Kıpti Noeli)
A6: 46034 | T6: Zanzibar Revolution Day (Zanzibar Devrim Günü)
A7: 46041 | B7: Martin Luther King Jr. Day
A8: 46042 | W8: Martyrs' Day / National Sorrow Day (Şehitleri Anma Günü)
A9: 46051 | AB9: Revolution Day (25 Ocak Devrimi Anma Günü)
A10: 46069 | M10: Carnival (Karnaval)
A11: 46070 | D11: Spring Festival / Chinese New Year (Bahar Festivali / Çin Yeni Yılı) | M11: Carnival (Karnaval) | Q11: Chinese New Year (Çin Yeni Yılı 1. Gün) | Y11: Korean New Year / Seollal (Kore Yeni Yılı 1. Gün)
A12: 46071 | Q12: Chinese New Year (Çin Yeni Yılı 2. Gün) | Y12: Korean New Year / Seollal (Kore Yeni Yılı 2. Gün)
A13: 46072 | Y13: Korean New Year / Seollal (Kore Yeni Yılı 3. Gün)
A14: 46077 | N14: Independence Day (Bağımsızlık Günü)
A15: 46082 | Y15: Independence Movement Day (Bağımsızlık Hareketi Günü)
A16: 46089 | V16: International Women's Day (Dünya Kadınlar Günü) | W16: International Women's Day (Dünya Kadınlar Günü)
A17: 46098 | G17: St. Patrick's Day (Aziz Patrick Günü) | L17: Revelation of the Qur'an (Kadir Gecesi)
A18: 46100 | AA18: Ramadan Feast Eve (Ramazan Bayramı Arifesi) | AB18: Eid Al-Fitr (Ramazan Bayramı Başlangıcı)
A19: 46101 | L19: Korité / Eid al-Fitr (Ramazan Bayramı) | O19: Eid ul-Fitr (Ramazan Bayramı) | T19: Eid al-Fitr (Ramazan Bayramı) | U19: Independence Day (Bağımsızlık Günü) | V19: Oraza Bayram (Ramazan Bayramı) | W19: Ramazan Bayrami (Ramazan Bayramı 1. Gün) | AA19: Ramadan Feast Day 1 (Ramazan Bayramı 1. Gün)
A20: 46102 | Q20: Hari Raya Puasa (Ramazan Bayramı) | V20: Nowruz / National Spring Holiday (Nevruz / Bahar Bayramı) | W20: Novruz Bayrami / Ramazan Bayrami (Nevruz / Ramazan Bayramı 2. Gün) | AA20: Ramadan Feast Day 2 (Ramazan Bayramı 2. Gün)
A21: 46103 | V21: Nowruz Holiday (Nevruz 2. Gün) | W21: Novruz Bayrami (Nevruz 2. Gün) | AA21: Ramadan Feast Day 3 (Ramazan Bayramı 3. Gün)
A22: 46104 | W22: Novruz Bayrami (Nevruz 3. Gün)
A23: 46105 | W23: Novruz Bayrami (Nevruz 4. Gün)
A24: 46115 | M24: Good Friday (Kutsal Cuma) | N24: Good Friday (Kutsal Cuma) | O24: Good Friday (Kutsal Cuma) | Q24: Good Friday (Kutsal Cuma) | R24: Good Friday (Kutsal Cuma) | S24: Good Friday (Kutsal Cuma) | T24: Good Friday (Kutsal Cuma)
A25: 46117 | N25: Easter Sunday (Paskalya) | X25: Easter Sunday (Paskalya) | Z25: Easter Sunday (Paskalya)
A26: 46118 | L26: Easter Monday (Paskalya Pazartesisi) | O26: Easter Monday (Paskalya Pazartesisi) | P26: Easter Monday (Paskalya Pazartesisi) | R26: Easter Monday (Paskalya Pazartesisi) | S26: Easter Monday (Paskalya Pazartesisi) | T26: Easter Monday (Paskalya Pazartesisi) | X26: Easter Monday (Paskalya Pazartesisi) | Z26: Easter Monday (Paskalya Pazartesisi)
A27: 46119 | T27: Karume Day (Karume Günü)
A28: 46121 | U28: Martyrs' Day (Şehitler Günü)
A29: 46125 | AB29: Sham El-Nessim (Bahar Festivali)
A30: 46135 | AA30: National Sovereignty and Children's Day (Ulusal Egemenlik ve Çocuk Bayramı)
A31: 46137 | X31: Liberation Day (Kurtuluş Günü) | AB31: Sinai Liberation Day (Sinai Kurtuluş Günü)
A32: 46138 | T32: Union Day (Birlik Günü)
A33: 46139 | I33: Koningsdag (Kralın Doğum Günü)
A34: 46143 | D34: Labour Day (İşçi Bayramı) | F34: Tag der Arbeit (İşçi Bayramı) | J34: Fête du Travail (İşçi Bayramı) | L34: Labour Day (İşçi Bayramı) | M34: Labour Day (İşçi Bayramı) | N34: Labor Day / Spring Day (Bahar ve Emek Günü) | O34: Labour Day (İşçi Bayramı) | P34: Labour Day (İşçi Bayramı) | Q34: Labour Day (İşçi Bayramı) | R34: Labour Day (İşçi Bayramı) | T34: Workers' Day (İşçi Bayramı) | U34: Labour Day (İşçi Bayramı) | X34: Labour Day (İşçi Bayramı) | Z34: Labour Day (İşçi Bayramı) | AA34: Labor and Solidarity Day (Emek ve Dayanışma Günü)
A35: 46145 | E35: Święto Konstytucji 3 Maja (Anayasa Günü)
A36: 46147 | Y36: Children's Day (Çocuk Günü)
A37: 46149 | AB37: Labor Day (İşçi Bayramı)
A38: 46150 | R38: Day of Victory over Fascism (Faşizme Karşı Zafer Günü)
A39: 46151 | P39: Europe Day (Avrupa Günü) | W39: Victory Day over Fascism (Faşizme Karşı Zafer Günü)
A40: 46156 | L40: Ascension Day (İsa'nın Göğe Yükselişi) | P40: Ascension Day (İsa'nın Göğe Yükselişi) | S40: Ascension Day (İsa'nın Göğe Yükselişi)
A41: 46160 | V41: Constitution and State Flag Day (Anayasa ve Devlet Bayrağı Günü)
A42: 46161 | AA42: Commemoration of Atatürk, Youth and Sports Day (Atatürk'ü Anma, Gençlik ve Spor Bayramı)
A43: 46166 | M43: The Battle of Pichincha (Pichincha Savaşı) | N43: Pentecost (Hamsin Yortusu) | Y43: Buddha's Birthday (Buddha'nın Doğum Günü)
A44: 46167 | B44: Memorial Day | L44: Whit Monday (Hamsin Yortusu) | P44: Whit Monday (Hamsin Yortusu) | S44: Whit Monday (Hamsin Yortusu)
A45: 46168 | AA45: Sacrifice Feast Eve (Kurban Bayramı Arifesi) | AB45: Arafat Day (Arefe Günü)
A46: 46169 | L46: Tabaski / Eid al-Adha (Kurban Bayramı) | O46: Eid al-Adha (Kurban Bayramı) | Q46: Hari Raya Haji (Kurban Bayramı) | T46: Eid al-Adha (Kurban Bayramı) | U46: Eid al-Adha (Kurban Bayramı) | V46: Kurban Bayram (Kurban Bayramı) | W46: Gurban Bayrami (Kurban Bayramı 1. Gün) | AA46: Sacrifice Feast Day 1 (Kurban Bayramı 1. Gün) | AB46: Eid Al-Adha (Kurban Bayramı Başlangıcı)
A47: 46170 | W47: Independence Day / Gurban Bayrami (Bağımsızlık Günü / Kurban Bayramı 2. Gün) | AA47: Sacrifice Feast Day 2 (Kurban Bayramı 2. Gün)
A48: 46171 | AA48: Sacrifice Feast Day 3 (Kurban Bayramı 3. Gün)
A49: 46172 | Z49: Statehood Day (Devlet Günü) | AA49: Sacrifice Feast Day 4 (Kurban Bayramı 4. Gün)
A50: 46173 | Q50: Vesak Day (Vesak Günü)
A51: 46174 | O51: Madaraka Day (Özerklik Günü)
A52: 46175 | X52: Republic Day (Cumhuriyet Bayramı)
A53: 46177 | Z53: Corpus Christi (Katolik Yortusu)
A54: 46179 | C54: Sveriges nationaldag (Ulusal Gün) | Y54: Memorial Day (Anma Günü)
A55: 46188 | W55: National Salvation Day (Ulusal Kurtuluş Günü)
A56: 46190 | U56: Islamic New Year (Hicri Yılbaşı)
A57: 46191 | AB57: Islamic New Year (Hicri Yılbaşı)
A58: 46192 | C58: Midsommarafton (Yaz Ortası Arifesi)
A59: 46195 | Z59: Anti-Fascist Struggle Day (Antifaşist Mücadele Günü)
A60: 46196 | N60: Victory Day (Zafer Günü) | P60: National Day (Ulusal Gün / Grandük'ün Doğum Günü)
A61: 46197 | N61: Midsummer Day (Yaz Ortası Festivali)
A62: 46199 | W62: Armed Forces Day (Silahlı Kuvvetler Günü)
A63: 46204 | H63: Canada Day (Kanada Günü)
A64: 46205 | AB64: June 30 Revolution Day (30 Haziran Devrimi)
A65: 46207 | B65: Independence Day (Bağımsızlık Günü)
A66: 46208 | R66: St. Cyril and St. Methodius Day (Aziz Kiril ve Metodiy Günü)
A67: 46210 | T67: Saba Saba / Dar es Salaam International Trade Fair (Ticaret Günü)
A68: 46217 | J68: Fête Nationale (Bastille Günü / Ulusal Gün)
A69: 46218 | AA69: Democracy and National Unity Day (Demokrasi ve Milli Birlik Günü)
A70: 46226 | AB70: July 23 Revolution Day (23 Temmuz Devrim Günü)
A71: 46228 | U71: Republic Day (Cumhuriyet Günü)
A72: 46235 | S72: Swiss National Day (Federal Ulusal Gün)
A73: 46239 | Z73: Victory and Homeland Thanksgiving Day (Zafer ve Şükran Günü)
A74: 46241 | L74: Independence Day (Bağımsızlık Günü)
A75: 46242 | T75: Nane Nane / Farmers' Day (Çiftçiler Günü)
A76: 46243 | Q76: National Day (Bağımsızlık Günü)
A77: 46245 | M77: Independence Day (Bağımsızlık Günü - Quito)
A78: 46247 | U78: Women's and Family Day (Kadınlar Günü)
A79: 46249 | L79: Assumption Day (Meryem'in Göğe Kabulü) | P79: Assumption Day (Meryem'in Göğe Kabulü) | X79: Assumption Day / Ferragosto (Meryem'in Göğe Kabulü) | Y79: Liberation Day (Kurtuluş Günü) | Z79: Assumption Day (Meryem'in Göğe Kabulü)
A80: 46254 | N80: Independence Restoration Day (Bağımsızlığın Yeniden Kazanılması)
A81: 46259 | L81: Prophet's Birthday (Mevlid Kandili) | T81: The Prophet's Birthday (Mevlid Kandili)
A82: 46260 | U82: Prophet's Birthday (Mevlid Kandili)
A83: 46261 | AB83: Prophet Muhammad's Birthday (Mevlid Kandili)
A84: 46263 | R84: Slovak National Uprising Anniversary (Slovak Ulusal Ayaklanması Anma Günü)
A85: 46264 | AA85: Victory Day (Zafer Bayramı)
A86: 46266 | R86: Constitution Day (Anayasa Günü)
A87: 46272 | B87: Labor Day (İşçi Bayramı) | H87: Labor Day (İşçi Bayramı)
A88: 46289 | Y88: Chuseok / Thanksgiving (Şükran Günü / Çuseok 1. Gün)
A89: 46290 | Y89: Chuseok / Thanksgiving (Şükran Günü / Çuseok 2. Gün)
A90: 46291 | Y90: Chuseok / Thanksgiving (Şükran Günü / Çuseok 3. Gün)
A91: 46292 | V91: Independence Day (Bağımsızlık Günü)
A92: 46296 | D92: National Day (Ulusal Gün / Milli Bayram)
A93: 46298 | F93: Tag der Deutschen Einheit (Alman Birlik Günü) | Y93: National Foundation Day (Ulusal Kuruluş Günü)
A94: 46301 | V94: Day of Remembrance and Mourning (Anma ve Yas Günü) | AB94: Armed Forces Day (Silahlı Kuvvetler Günü)
A95: 46304 | M95: Independence of Guayaquil (Guayaquil'in Bağımsızlığı) | Y95: Hangeul Day (Kore Alfabesi Günü)
A96: 46305 | O96: Mazingira Day (Çevre Günü)
